{
  "timestamp": "2025-09-28T09:22:37.588342",
  "summary": {
    "total_tests": 2,
    "avg_test_time": 0.05415928363800049,
    "avg_setup_time": 0.04260265827178955,
    "avg_execution_time": 0.011556625366210938,
    "total_errors": 0,
    "slowest_test": [
      "simple_update_product",
      0.09525322914123535
    ],
    "fastest_test": [
      "simple_create_product",
      0.013065338134765625
    ],
    "total_runtime": 0.46442389488220215,
    "performance_score": 97.29203581809998
  }
}
