{
  "timestamp": "2025-09-28T09:27:11.371518",
  "summary": {
    "total_tests": 2,
    "avg_test_time": 0.06229066848754883,
    "avg_setup_time": 0.05189919471740723,
    "avg_execution_time": 0.010391473770141602,
    "total_errors": 0,
    "slowest_test": [
      "simple_delete_product",
      0.11698722839355469
    ],
    "fastest_test": [
      "simple_create_product",
      0.007594108581542969
    ],
    "total_runtime": 1.5074772834777832,
    "performance_score": 96.88546657562256
  }
}
