{
  "timestamp": "2025-09-28T09:19:16.737665",
  "summary": {
    "total_tests": 3,
    "avg_test_time": 0.040238380432128906,
    "avg_setup_time": 0.03170593579610189,
    "avg_execution_time": 0.008532444636027018,
    "total_errors": 0,
    "slowest_test": [
      "simple_delete_product",
      0.0968942642211914
    ],
    "fastest_test": [
      "simple_update_product",
      0.008317947387695312
    ],
    "total_runtime": 0.6041920185089111,
    "performance_score": 97.98808097839355
  }
}
