{
  "timestamp": "2025-09-28T09:26:27.587819",
  "summary": {
    "total_tests": 2,
    "avg_test_time": 0.0664215087890625,
    "avg_setup_time": 0.05542397499084473,
    "avg_execution_time": 0.010997533798217773,
    "total_errors": 0,
    "slowest_test": [
      "simple_query_products",
      0.12320494651794434
    ],
    "fastest_test": [
      "simple_create_product",
      0.009638071060180664
    ],
    "total_runtime": 1.0807640552520752,
    "performance_score": 96.67892456054688
  }
}
