{
  "timestamp": "2025-09-28T09:19:55.219878",
  "summary": {
    "total_tests": 2,
    "avg_test_time": 0.055901527404785156,
    "avg_setup_time": 0.04502999782562256,
    "avg_execution_time": 0.010871529579162598,
    "total_errors": 0,
    "slowest_test": [
      "simple_create_product",
      0.09650802612304688
    ],
    "fastest_test": [
      "simple_query_products",
      0.015295028686523438
    ],
    "total_runtime": 1.0383763313293457,
    "performance_score": 97.20492362976074
  }
}
