{
  "timestamp": "2025-09-28T07:13:18.890834",
  "summary": {
    "total_tests": 2,
    "avg_test_time": 0.2811620235443115,
    "avg_setup_time": 0.2751009464263916,
    "avg_execution_time": 0.006061077117919922,
    "total_errors": 1,
    "slowest_test": [
      "simple_update_product",
      0.5569248199462891
    ],
    "fastest_test": [
      "simple_create_product",
      0.005399227142333984
    ],
    "total_runtime": 0.9327538013458252,
    "performance_score": 70.94189882278442
  }
}
